customerId,recommendedProducts
4,226|247|230|248|125|204|294|276|74|213
11,226|247|230|248|125|204|294|276|74|213
12,226|247|230|248|125|204|294|276|74|213
16,226|247|230|248|125|204|294|276|74|213
21,226|247|230|248|125|204|294|276|74|213
32,226|247|230|248|125|204|294|276|74|213
121,226|247|230|248|125|204|294|276|74|213
122,226|247|230|248|125|204|294|276|213|74
123,226|247|230|248|125|204|294|276|74|213
137,226|247|230|248|125|204|294|276|74|213
141,226|247|230|248|125|204|294|276|74|213
152,226|247|230|248|125|204|294|276|74|213
164,226|247|230|248|125|204|294|276|74|213
171,226|247|230|248|125|204|294|276|74|213
182,226|247|230|248|125|204|294|276|74|213
212,247|230|248|125|204|294|276|74|213|72
218,226|247|230|248|125|204|294|276|74|213
247,226|247|230|248|125|204|294|276|74|213
250,226|247|230|248|125|204|294|276|74|72
255,226|247|230|248|125|204|294|276|74|213
261,226|247|230|248|125|204|294|276|74|213
263,226|247|230|248|125|204|294|276|74|213
305,226|247|230|248|125|204|294|276|74|213
320,226|247|230|248|125|204|294|276|74|213
321,226|247|230|248|125|204|294|276|74|213
326,226|247|230|248|125|204|294|276|74|213
339,226|247|230|248|125|204|294|276|74|213
368,226|247|230|248|125|204|294|276|74|213
418,226|247|230|248|125|204|294|276|74|213
447,226|247|230|248|125|204|294|276|74|213
450,226|247|230|248|125|204|294|276|74|72
459,226|247|230|248|204|294|276|74|213|72
462,226|247|230|248|125|204|294|276|213|74
482,226|247|230|248|125|204|294|276|74|213
539,226|247|230|248|125|204|294|276|74|213
543,226|247|230|248|125|204|294|276|74|213
548,226|247|230|248|125|204|294|276|74|213
572,226|247|230|248|125|204|294|276|74|213
594,226|247|230|248|125|204|294|276|74|213
595,226|247|230|248|125|204|294|276|213|74
625,226|247|230|248|125|204|294|276|74|213
654,226|247|230|248|125|204|294|276|74|213
659,226|247|230|248|125|204|294|276|74|213
661,226|247|230|248|125|204|294|276|74|213
665,226|247|230|248|125|204|294|276|74|213
667,226|247|230|248|125|294|204|276|83|74
677,226|247|230|248|125|204|294|276|74|213
690,226|247|230|248|125|204|294|276|74|213
706,226|247|230|248|125|204|294|276|213|74
708,226|247|230|248|125|204|294|276|74|83
718,226|247|230|248|125|204|294|276|74|213
731,226|247|230|248|125|204|294|276|74|213
745,226|247|230|248|125|204|294|276|74|213
788,226|247|230|248|125|204|294|276|74|72
806,226|247|230|248|125|204|294|276|74|213
821,226|247|230|248|125|204|294|276|74|72
837,226|247|230|248|125|204|294|276|74|213
858,226|247|230|248|125|204|294|276|74|213
861,226|247|230|248|125|204|294|276|74|213
862,226|247|230|248|125|204|294|276|74|213
863,226|247|230|248|125|204|294|276|74|213
866,226|247|230|248|125|204|294|276|213|74
884,226|247|230|248|125|204|294|276|74|213
946,226|247|230|248|125|204|294|276|74|213
1037,226|247|230|248|125|204|294|276|74|72
1042,226|247|230|248|125|204|294|276|74|213
1043,226|247|230|248|125|204|294|276|74|213
1057,226|247|230|248|125|204|294|276|74|213
1073,226|247|230|248|125|204|294|276|74|213
1085,226|247|230|248|125|204|294|276|74|213
1090,226|247|230|248|125|204|294|276|213|74
1091,226|247|248|125|204|294|276|74|213|72
1093,226|247|230|248|125|204|294|276|74|213
1111,226|247|230|248|125|204|294|276|213|74
1127,247|230|248|125|204|294|276|74|213|72
1130,226|247|230|248|125|204|294|276|74|213
1137,226|247|230|248|125|204|294|276|74|213
1139,226|247|230|248|125|204|294|276|74|213
1143,226|247|230|248|125|204|294|276|74|213
1149,226|247|230|248|125|204|294|276|74|213
1156,226|247|230|248|125|204|294|276|74|213
1175,226|247|230|248|125|204|294|276|74|213
1178,226|247|230|248|125|204|294|276|74|213
1182,226|247|230|248|125|204|294|276|74|213
1223,226|247|230|248|125|204|294|276|74|213
1245,226|247|230|248|125|204|294|276|74|213
1267,226|247|230|248|125|204|276|74|213|72
1270,226|247|230|248|125|204|294|276|74|72
1286,226|247|230|248|125|204|294|276|74|213
1290,226|247|230|248|125|204|294|276|74|213
1342,226|247|230|248|125|204|294|276|74|213
1347,226|247|230|248|125|204|294|276|74|213
1380,226|247|230|248|125|204|294|276|74|213
1387,226|247|230|248|125|204|294|276|74|213
1412,226|247|230|248|125|204|294|276|74|213
1416,226|247|230|248|125|204|294|276|74|213
1425,226|247|230|248|125|204|294|276|74|213
1434,226|247|230|248|125|204|294|276|213|74
1455,226|247|230|248|125|204|294|276|74|213
1475,226|247|230|248|125|204|294|276|74|213
1504,226|247|230|248|125|204|294|276|213|74
1553,226|247|230|248|125|204|294|276|74|213
1559,226|247|230|248|125|294|204|276|74|213
1583,247|230|248|125|204|294|276|74|213|83
1586,226|247|230|248|125|204|294|276|74|213
1619,226|247|230|248|125|204|294|276|213|74
1653,226|247|230|248|125|204|294|276|74|213
1668,226|247|230|248|125|204|294|276|74|213
1695,226|247|230|248|125|204|294|276|74|213
1705,226|247|230|248|125|204|294|276|74|213
1730,226|247|230|248|125|204|294|276|74|213
1743,226|247|230|248|125|204|294|276|74|213
1757,226|247|230|248|125|204|294|276|74|213
1768,226|247|230|248|125|204|294|276|213|74
1783,226|247|230|248|125|204|294|276|74|213
1851,226|247|230|248|125|204|294|276|74|213
1870,226|247|230|248|125|204|294|276|74|213
1911,226|247|230|248|125|204|294|276|74|213
1916,226|247|230|248|125|204|294|276|74|213
1939,226|247|230|248|125|204|294|276|74|213
1981,226|247|230|248|125|204|294|276|74|213
2008,226|247|230|248|125|204|294|276|74|213
2029,226|247|230|248|125|204|294|276|74|213
2043,226|247|230|248|125|204|294|276|74|213
2052,226|247|230|248|125|204|294|276|74|213
2062,226|247|230|248|125|204|294|276|74|213
2087,226|247|230|248|125|204|294|276|74|213
2143,226|247|230|248|125|204|294|276|74|213
2202,226|247|230|248|125|204|294|276|74|213
2232,226|247|230|248|125|204|294|276|74|213
2265,226|247|230|248|125|204|294|276|74|213
2278,226|247|230|248|125|204|294|276|213|74
2279,226|247|230|248|125|204|294|276|74|213
2283,226|247|230|248|125|204|294|276|74|213
2285,226|247|230|248|125|204|294|276|74|213
2315,226|247|230|248|125|204|294|276|74|213
2347,226|247|230|248|125|204|294|276|74|213
2388,226|247|230|248|125|204|294|276|74|213
2396,226|247|230|248|125|204|294|276|74|213
2403,226|247|230|248|125|204|294|276|74|213
2409,226|247|230|248|125|204|294|276|74|213
2410,226|247|230|248|125|204|294|276|74|213
2414,226|247|230|248|125|204|294|276|74|213
2417,226|247|248|125|204|294|276|74|213|72
2430,226|247|230|248|125|204|294|276|74|213
2466,226|247|230|248|125|204|294|276|74|72
2478,226|247|230|248|125|204|294|276|74|213
2479,226|247|230|248|125|204|294|276|74|213
2531,226|247|230|248|125|204|294|276|74|213
2536,226|247|230|248|125|204|294|276|74|213
2579,226|247|230|248|125|204|294|276|74|213
2581,226|247|230|248|125|204|294|276|74|213
2590,226|247|230|248|125|204|294|276|213|74
2615,226|247|230|248|125|204|294|276|74|213
2624,226|247|230|248|125|204|294|276|74|213
2626,226|247|230|248|125|204|294|276|74|213
2654,226|247|230|248|125|204|294|276|74|213
2670,226|247|230|248|125|204|294|276|74|213
2715,226|247|230|248|125|204|294|276|74|213
2724,226|247|230|248|125|204|294|276|74|213
2770,226|247|230|248|125|204|294|276|74|213
2815,226|247|230|248|125|204|294|276|74|213
2819,226|247|230|248|125|204|294|276|74|213
2831,226|247|230|248|125|204|294|276|213|74
2833,226|247|230|248|125|204|294|276|74|213
2842,226|247|230|248|125|204|294|276|74|213
2865,226|247|230|248|125|204|294|276|83|74
2878,226|247|230|248|125|204|294|276|74|213
2892,226|247|230|248|125|204|294|276|72|74
2914,226|247|230|248|125|204|294|276|74|213
2977,226|247|230|248|125|204|294|276|74|213
2978,226|230|248|125|204|294|276|74|213|72
2993,226|247|230|248|125|204|294|276|74|213
3003,226|247|230|248|125|204|294|276|74|213
3012,226|247|230|248|125|204|294|276|74|213
3018,226|247|230|248|125|204|294|276|74|213
3020,226|230|248|125|204|294|276|74|213|83
3026,226|247|230|248|125|204|294|276|74|213
3045,226|247|230|248|125|204|294|276|74|213
3087,226|247|230|125|204|294|276|74|213|83
3115,226|247|230|248|125|204|294|276|74|213
3171,226|247|230|248|125|204|294|276|74|213
3196,226|247|230|248|125|204|294|276|74|213
3223,226|247|230|248|125|204|294|276|74|213
3230,226|247|230|248|125|204|294|276|74|213
3240,226|247|230|248|125|204|294|276|74|213
3257,226|247|230|248|125|204|294|276|74|213
3272,226|247|230|248|125|204|294|276|74|213
3300,226|247|230|248|125|204|294|276|74|213
3341,226|247|230|248|125|204|294|276|74|213
3348,226|247|230|248|125|204|294|276|74|213
3369,226|247|230|248|125|204|294|276|74|213
3386,226|247|230|248|125|204|294|276|74|213
3399,226|247|230|248|125|204|294|276|213|72
3431,226|247|230|248|125|204|294|276|213|74
3444,226|247|230|248|125|204|294|276|74|213
3549,226|247|230|248|125|204|294|276|74|213
3557,226|247|230|248|125|204|294|276|74|213
3593,226|247|230|248|125|204|294|276|74|213
3609,226|247|230|248|125|204|294|276|74|213
3645,226|247|230|248|125|204|294|276|74|213
3651,226|247|230|248|125|204|294|276|74|213
3699,226|247|230|248|125|204|294|276|74|213
3709,226|247|230|248|125|204|294|276|74|213
3716,226|247|230|248|125|204|294|276|74|213
3731,226|247|230|248|125|204|294|276|74|213
3762,226|247|230|248|125|204|294|276|213|74
3768,226|247|230|248|125|204|294|276|74|213
3769,226|247|230|248|125|204|294|276|74|213
3773,226|247|230|248|125|204|294|276|74|72
3775,226|247|230|248|125|204|294|276|74|213
3797,226|247|230|248|125|204|294|276|74|213
3800,226|247|230|248|125|204|294|276|74|213
3843,226|247|230|248|125|204|294|276|213|74
3851,226|247|230|248|125|204|294|276|74|213
3865,226|247|230|248|125|204|294|276|74|213
3879,226|247|230|248|125|204|294|276|74|213
3891,226|247|230|248|125|204|294|276|74|213
3899,226|247|230|248|125|204|294|276|74|72
3955,226|247|230|248|125|204|294|276|74|213
3978,226|247|230|248|125|204|294|276|74|213
3984,226|247|230|248|125|204|294|276|213|74
4007,226|247|230|248|125|204|294|276|74|213
4070,226|247|230|248|125|204|294|276|74|213
4087,226|247|230|248|125|204|294|276|74|213
4118,226|247|230|248|125|204|294|276|74|213
4152,226|247|230|248|125|204|294|276|74|213
4175,226|247|230|248|204|294|276|74|213|72
4207,226|247|230|248|125|204|294|276|74|213
4233,226|247|230|248|125|204|294|276|74|213
4269,226|247|230|248|125|204|294|276|74|213
4271,226|247|230|248|125|204|294|276|74|213
4339,226|247|230|248|125|204|294|276|74|213
4392,226|247|230|248|125|204|294|276|213|74
4405,226|247|230|248|125|204|294|276|74|213
4407,226|247|230|248|125|204|294|276|74|213
4418,226|247|230|248|125|204|294|276|72|74
4442,226|247|230|248|125|204|294|276|74|213
4449,226|247|230|248|125|204|294|276|74|213
4476,226|247|230|248|125|204|294|276|74|213
4516,226|247|230|248|125|204|294|276|74|213
4524,226|247|230|248|125|204|294|276|74|213
4527,226|247|230|248|125|204|276|74|213|72
4537,226|247|230|248|125|204|294|276|74|213
4564,226|247|230|248|125|204|294|276|74|213
4589,226|247|230|248|125|204|294|276|74|213
4608,226|247|230|248|125|204|294|276|74|213
4613,226|247|230|248|125|204|294|276|74|213
4618,226|247|230|248|125|204|294|276|74|213
4657,226|247|230|248|125|204|294|276|74|213
4659,226|247|230|248|125|204|294|276|74|213
4671,226|247|230|248|125|204|294|276|74|213
4717,226|247|230|248|125|204|294|276|74|213
4757,226|247|230|248|125|204|294|276|74|213
4776,226|247|230|248|125|204|294|276|74|213
4799,226|247|230|248|125|204|294|276|74|213
4800,226|247|230|248|125|204|294|276|74|213
4823,226|247|230|248|125|204|294|276|74|213
4848,226|247|230|248|125|204|294|276|74|213
4851,226|247|230|248|125|204|294|276|74|213
4871,226|247|230|248|125|204|294|276|74|72
4950,226|247|230|248|125|204|294|276|74|213
5001,226|247|230|248|125|204|294|276|74|213
5022,247|230|248|125|204|294|276|74|213|72
5065,226|247|230|248|125|204|294|276|74|213
5092,226|247|230|248|125|204|294|276|74|213
5095,226|247|230|248|125|294|276|74|213|72
5113,226|247|230|248|125|204|294|276|74|213
5118,226|247|230|248|125|204|294|276|74|213
5127,226|247|230|248|125|204|294|276|74|213
5193,226|247|230|248|125|204|294|276|74|213
5199,226|247|230|248|125|204|294|276|74|213
5200,226|247|230|248|125|204|294|276|74|213
5220,226|247|230|248|125|204|294|276|74|213
5242,226|247|230|248|204|294|276|213|74|72
5264,226|247|230|248|125|204|294|276|74|213
5273,226|247|230|248|125|204|294|74|213|72
5347,226|247|230|248|125|204|294|276|74|213
5361,226|247|230|248|125|204|294|276|74|213
5365,226|247|230|248|125|204|294|276|74|72
5368,226|247|230|248|125|204|294|276|74|213
5418,226|247|230|248|125|204|294|276|74|213
5430,226|247|230|248|125|204|294|276|74|213
5459,226|247|230|248|125|204|294|276|74|213
5461,226|247|230|248|125|204|294|276|74|213
5501,226|247|230|248|125|204|294|276|74|213
5512,226|247|230|248|125|204|294|276|74|213
5513,226|247|230|248|125|204|294|276|74|213
5522,247|230|248|125|204|276|74|83|165|155
5524,226|247|230|248|125|204|294|276|74|213
5527,226|247|230|248|125|204|294|276|74|213
5555,226|247|230|248|125|204|294|276|74|213
5562,226|247|230|248|125|204|294|276|74|213
5570,226|247|230|248|125|204|294|276|74|213
5581,226|247|230|248|125|204|294|276|74|213
5648,226|247|230|248|125|204|294|276|74|213
5666,226|247|230|248|125|204|294|276|74|213
5684,226|247|230|248|125|204|294|276|74|213
5751,226|247|230|248|125|204|294|276|74|213
5774,226|247|230|248|125|294|276|74|213|72
5891,226|247|230|248|125|204|294|276|74|213
5926,226|247|230|248|125|204|294|276|72|74
5940,226|247|230|248|125|204|294|276|74|213
5957,226|247|230|248|125|204|294|276|74|213
6010,226|247|230|248|125|204|294|276|74|213
6016,226|247|230|248|125|204|294|276|74|213
6030,226|247|230|248|125|204|294|276|74|213
6032,226|247|230|248|125|204|294|276|74|213
6132,226|247|230|248|125|204|294|276|74|213
6145,226|247|230|248|125|204|294|276|74|213
6158,226|247|230|248|125|204|294|276|72|74
6166,226|247|230|248|125|204|294|276|74|213
6167,226|247|230|248|125|204|294|276|74|213
6182,226|247|230|248|125|204|294|276|74|213
6220,226|247|230|248|125|204|294|276|74|213
6258,226|247|230|248|125|204|294|171|276|213
6269,226|247|230|248|125|204|294|276|74|213
6294,226|247|230|248|125|204|294|276|74|213
6297,226|247|230|248|125|204|294|276|74|213
6313,226|247|230|248|125|204|294|276|74|213
6323,226|247|230|248|125|204|294|276|74|213
6326,226|247|230|248|125|204|294|276|74|213
6334,226|247|230|248|125|204|294|276|74|213
6337,226|247|230|248|125|204|294|276|74|213
6344,226|247|230|248|125|204|294|276|74|213
6345,226|247|230|248|125|204|294|276|74|213
6346,226|247|230|248|125|204|294|276|213|74
6385,226|247|230|248|125|204|294|276|74|213
6394,226|247|230|248|125|204|294|276|74|213
6395,226|247|230|248|125|204|294|276|74|213
6427,226|247|230|248|125|204|294|276|74|72
6430,226|247|230|248|125|204|294|276|74|213
6443,226|247|230|248|125|204|294|276|74|213
6455,226|247|230|248|125|204|294|276|72|213
6560,226|247|230|248|125|204|294|276|74|213
6577,226|247|230|248|125|204|294|276|74|213
6591,226|247|230|248|125|204|294|276|74|213
6646,226|247|230|248|125|204|294|276|74|213
6649,226|247|230|248|125|204|294|276|74|213
6655,226|247|230|248|125|204|294|276|74|213
6657,226|247|230|248|125|204|294|276|74|213
6665,226|247|230|248|125|204|294|276|74|213
6680,226|247|230|248|125|204|294|276|74|213
6701,226|247|230|248|125|204|294|276|74|213
6730,226|247|230|248|125|204|294|276|74|213
6769,226|247|230|248|125|204|294|276|74|213
6774,226|247|230|248|125|204|294|276|74|213
6777,226|247|230|248|125|204|294|276|74|213
6782,226|247|230|248|125|204|294|276|72|74
6787,226|247|230|248|125|204|294|276|74|213
6795,226|247|230|248|125|204|294|276|74|213
6799,226|247|230|248|125|204|294|276|74|213
6803,226|247|230|248|125|204|294|276|213|74
6827,226|247|230|248|125|204|294|276|74|213
6829,226|247|230|248|125|204|294|276|74|213
6834,226|247|230|248|125|204|294|276|74|213
6851,226|247|230|248|125|204|294|276|74|213
6878,226|247|230|248|125|204|276|74|213|72
6884,226|247|230|248|125|204|294|276|74|213
6917,226|247|230|248|125|204|294|276|74|213
6961,226|247|230|248|125|204|294|276|74|213
6967,226|247|230|248|125|204|294|276|74|213
6975,226|247|230|248|125|204|294|276|74|213
6977,226|247|230|248|125|204|294|276|74|213
6997,226|247|230|248|204|294|276|213|74|72
7005,226|247|230|248|125|204|294|276|74|213
7011,226|247|230|248|125|204|294|276|74|213
7034,226|247|230|248|204|294|276|74|213|72
7041,226|247|230|248|125|204|294|276|74|213
7062,226|247|230|248|125|204|294|276|74|213
7065,247|230|248|125|204|294|276|83|74|165
7096,226|247|230|248|125|204|294|276|74|213
7106,226|247|230|248|125|204|294|276|74|213
7118,226|247|230|248|125|204|294|276|74|213
7133,226|247|230|248|125|204|294|276|74|213
7153,226|247|230|125|204|294|276|74|213|72
7175,226|247|230|248|125|204|294|276|74|213
7180,226|247|230|248|125|204|294|276|74|213
7207,226|247|230|248|125|204|294|276|74|213
7228,226|247|230|248|125|204|294|276|74|213
7259,226|247|230|248|125|204|294|276|74|213
7274,226|247|230|248|125|204|294|276|74|213
7282,247|230|248|125|204|294|276|74|83|213
7286,226|247|230|248|125|204|294|276|74|213
7299,226|247|230|248|125|204|294|276|74|213
7326,226|247|230|248|125|204|294|276|74|213
7368,226|247|230|248|125|204|294|276|74|213
7394,226|247|230|248|125|204|294|276|74|213
7412,226|247|230|248|125|204|294|276|74|213
7443,226|247|230|248|125|204|294|276|74|213
7454,226|247|230|248|125|204|294|276|74|213
7455,226|247|230|248|125|204|294|276|74|213
7505,226|247|230|248|125|204|294|276|74|72
7510,226|247|230|248|125|204|294|276|74|213
7513,226|247|230|248|125|204|294|276|74|213
7515,226|247|230|248|125|204|294|276|74|213
7522,226|247|230|248|125|204|294|276|74|213
7551,226|247|230|248|125|204|294|276|74|213
7569,226|247|230|248|125|294|276|74|213|72
7601,226|247|230|248|125|204|294|276|74|213
7625,226|247|230|248|125|204|294|276|74|213
7650,226|247|230|248|125|204|294|276|74|213
7657,226|247|230|248|125|204|294|276|74|213
7706,226|247|230|248|125|204|294|276|74|213
7714,226|247|230|248|125|204|294|276|74|213
7722,226|247|230|248|125|204|294|276|74|213
7731,226|247|230|248|125|204|294|276|74|213
7755,226|247|230|248|125|204|294|276|74|213
7777,226|247|230|248|125|204|294|276|213|74
7786,226|247|230|248|125|204|294|276|74|213
7828,226|247|230|248|125|204|294|276|74|213
7846,226|247|230|248|125|204|294|276|74|213
7855,226|247|230|248|125|204|294|276|74|213
7869,226|247|230|248|125|204|294|276|213|72
7919,226|247|230|248|125|204|294|276|74|213
7951,226|247|230|248|125|204|294|276|74|213
7981,226|247|230|248|125|204|294|276|74|213
7988,226|247|230|248|125|204|294|276|74|213
7997,226|247|230|248|125|204|294|276|213|74
8046,226|247|230|248|125|204|294|276|74|213
8047,226|247|230|248|125|204|294|276|74|213
8099,226|247|230|248|125|204|294|276|213|74
8108,226|247|230|248|125|204|294|276|74|213
8111,226|247|230|248|125|204|294|276|83|74
8112,226|247|230|248|125|204|294|276|74|213
8157,226|247|230|248|125|204|294|276|74|213
8164,226|247|230|248|125|204|294|276|74|213
8207,226|247|230|248|125|204|294|276|74|213
8222,226|247|230|248|125|204|294|276|74|72
8230,226|247|230|248|125|204|294|276|74|213
8272,226|247|230|248|125|204|294|276|74|213
8291,226|247|230|248|125|204|294|276|74|213
8296,226|247|230|248|125|204|294|276|74|213
8323,226|247|230|248|125|204|294|276|74|213
8330,226|247|230|248|125|204|294|276|74|213
8339,226|247|230|248|125|204|294|276|74|213
8346,226|247|230|248|125|204|294|276|74|213
8423,226|247|230|248|125|204|294|276|74|213
8437,226|247|230|248|125|204|294|276|74|213
8475,226|247|230|248|125|204|294|276|74|213
8512,226|247|230|248|125|204|294|276|74|213
8540,226|247|230|248|125|204|294|276|74|213
8609,226|247|230|248|125|204|294|276|74|213
8619,247|230|248|125|204|294|276|74|213|72
8627,226|247|230|248|125|204|294|276|74|213
8734,226|247|230|248|125|204|294|276|74|213
8738,226|247|230|248|125|204|294|276|74|213
8808,226|247|230|248|125|204|294|276|74|213
8817,226|247|230|248|125|204|294|74|213|72
8838,226|247|230|248|125|204|294|276|213|74
8844,226|247|230|248|125|204|294|276|74|213
8865,226|247|248|125|204|294|276|74|213|72
8877,226|247|230|248|125|204|294|276|74|213
8907,226|247|230|248|125|204|294|276|74|213
8931,226|247|230|248|125|204|294|276|74|213
8947,226|247|230|248|125|204|294|276|74|213
9023,226|247|230|248|125|204|294|276|74|213
9051,226|247|230|248|125|204|294|276|74|213
9155,226|247|230|248|125|204|294|276|74|213
9166,226|247|230|248|125|204|294|276|74|213
9173,226|247|230|248|125|204|294|276|74|213
9194,247|230|248|125|204|294|276|74|213|83
9239,226|247|230|248|125|204|294|276|74|213
9282,226|247|230|248|125|204|294|276|74|213
9284,226|247|230|248|125|204|294|276|74|213
9398,226|247|230|248|125|204|294|276|213|74
9404,226|247|230|248|125|204|294|276|74|213
9405,226|247|230|248|125|204|294|276|74|213
9449,226|247|230|248|125|204|294|276|74|213
9472,226|247|230|248|125|204|294|276|74|213
9501,226|247|230|248|125|204|294|276|74|213
9524,226|247|230|248|125|204|294|276|74|213
9545,226|247|230|248|125|204|294|276|74|213
9552,226|247|230|248|125|204|294|276|74|213
9557,226|247|230|248|125|204|294|276|74|213
9565,226|247|230|248|125|204|294|276|74|213
9576,226|247|230|248|125|204|294|276|74|213
9578,226|247|230|248|125|204|294|276|74|213
9584,226|247|230|248|125|204|294|276|213|74
9612,226|247|230|248|125|204|294|276|74|213
9646,226|247|230|248|125|204|294|276|74|213
9648,226|247|230|248|125|204|294|276|74|213
9665,226|247|230|248|125|204|294|276|74|213
9668,226|247|230|248|125|204|294|276|74|213
9711,226|247|230|248|125|204|276|74|213|72
9720,226|247|230|248|125|204|294|276|72|74
9733,226|247|230|248|125|204|294|276|74|213
9796,226|247|230|248|125|204|294|276|74|213
9806,226|247|230|248|125|204|294|276|74|213
9831,226|247|230|248|125|204|294|276|74|213
9852,226|247|230|248|125|204|294|276|74|213
9873,226|247|230|248|125|204|294|276|74|213
9878,226|247|230|248|125|204|294|276|74|213
9889,226|247|230|248|125|204|294|276|74|213
9949,226|247|230|125|204|294|276|74|213|72
9954,226|247|230|248|125|204|294|276|74|213
9960,226|247|230|248|125|204|294|276|74|213
9961,226|247|230|248|125|204|294|276|74|213
9974,226|247|230|248|125|204|294|276|74|213
9978,226|247|230|248|125|204|294|276|74|213
10016,226|247|230|248|125|204|294|276|74|213
10018,226|247|230|248|125|204|294|276|74|213
10104,226|247|230|248|125|204|294|276|74|213
10159,226|247|230|248|125|204|294|276|74|72
10209,226|247|230|248|125|204|294|276|74|213
10222,226|247|230|248|125|204|294|276|74|213
10268,226|247|230|248|125|204|294|276|74|213
10269,226|247|230|248|125|204|294|276|74|213
10285,226|247|230|248|125|204|294|276|74|213
10382,226|247|230|248|125|204|294|276|72|74
10410,226|247|230|248|125|204|294|276|74|213
10444,226|247|230|248|125|204|294|276|74|213
10500,226|247|230|248|125|204|294|276|74|213
10526,226|247|230|248|125|204|294|276|74|213
10544,226|247|230|248|125|204|294|276|74|213
10545,226|247|230|248|125|204|294|276|74|213
10550,226|247|248|125|204|294|276|74|213|72
10656,226|247|230|248|125|204|294|276|74|213
10663,226|247|230|248|125|204|294|276|74|213
10688,226|247|230|248|125|204|294|276|74|213
10710,226|247|230|248|125|204|294|276|74|213
10748,226|247|230|248|125|204|294|276|74|213
10754,226|247|230|248|125|204|294|276|74|213
10820,226|247|230|248|125|204|294|276|74|213
10838,226|247|230|248|125|204|294|276|74|213
10844,226|247|230|248|125|204|294|276|74|213
10850,226|247|230|248|125|204|294|276|74|213
10871,226|247|230|248|125|204|294|276|74|213
10884,226|247|230|248|125|204|294|276|74|213
10921,226|247|230|248|125|204|294|276|74|213
10923,226|247|230|248|125|204|294|276|74|213
10948,226|247|230|248|125|204|294|276|74|213
10951,226|247|230|248|125|204|294|276|74|213
10973,226|247|230|248|125|204|294|276|74|213
10975,226|247|230|248|125|204|294|276|74|213
11013,226|247|230|248|125|204|294|276|74|213
11015,226|247|230|248|125|204|294|276|74|213
11081,226|247|230|248|125|204|294|276|74|213
11096,226|247|230|248|125|204|294|276|74|213
11102,226|247|230|248|125|204|294|276|74|213
11119,226|247|230|248|125|204|294|276|213|74
11122,226|230|248|125|204|294|276|74|213|72
11134,226|247|230|248|125|204|294|276|74|213
11167,226|247|230|248|125|204|294|276|74|213
11215,226|247|230|248|125|204|294|276|74|213
11281,226|247|230|248|125|204|294|276|74|213
11321,226|247|230|248|125|204|294|276|74|213
11330,226|247|230|248|125|204|294|276|74|213
11350,226|247|230|248|125|204|294|276|74|213
11379,226|247|230|248|125|204|294|276|72|74
11392,226|247|230|248|125|204|294|276|74|213
11397,226|247|230|248|125|204|294|276|213|74
11433,226|247|230|248|125|204|294|276|74|213
11459,226|247|230|248|125|204|294|276|74|213
11468,226|247|230|248|125|204|294|276|74|213
11489,226|247|230|248|125|204|294|276|74|213
11500,226|247|230|248|125|204|294|276|74|72
11523,226|247|230|248|125|204|294|276|213|74
11528,226|247|230|248|125|204|294|276|74|213
11555,226|247|230|248|125|204|294|276|74|213
11570,226|247|230|248|125|204|294|276|74|213
11591,226|247|230|248|125|204|294|276|74|213
11679,226|247|230|248|125|204|294|276|74|213
11744,226|247|230|248|125|204|294|276|74|213
11830,226|247|230|248|125|204|294|276|74|213
11837,226|247|230|248|125|204|294|276|213|72
11899,226|247|230|248|125|204|294|276|74|213
11932,226|247|230|248|125|204|294|276|213|74
11985,226|247|230|248|125|204|294|276|74|213
11995,226|247|230|248|125|204|294|276|74|213
12051,226|247|230|248|125|204|294|276|74|213
12096,226|247|230|248|125|204|294|276|74|213
12122,226|247|230|248|125|204|294|276|74|213
12142,226|247|230|248|125|204|294|276|74|213
12221,226|247|230|248|125|204|294|276|74|213
12225,226|247|230|248|125|204|294|276|74|213
12253,226|247|230|248|125|204|294|276|74|72
12278,226|247|248|125|204|294|276|74|213|72
12286,226|247|230|248|125|204|294|276|74|213
12321,226|247|230|248|125|204|294|276|74|213
12371,226|247|230|248|125|204|294|276|74|213
12422,226|247|230|248|125|204|294|276|74|213
12432,226|247|230|248|125|204|294|276|74|213
12448,226|247|230|248|125|204|294|276|74|213
12458,226|247|230|248|125|204|294|276|74|213
12464,226|247|230|248|125|204|294|276|74|213
12521,226|247|230|248|125|204|294|276|74|213
12525,226|247|230|248|125|204|294|276|74|213
12532,226|247|230|248|125|204|294|276|74|213
12535,226|247|230|248|125|204|294|276|155|213
12553,226|247|230|248|125|204|294|276|72|74
12577,226|247|230|248|125|204|294|276|74|83
12578,226|247|230|248|125|204|294|276|74|213
12590,226|247|230|248|125|204|294|276|74|213
12641,226|247|230|248|125|204|294|276|74|213
12683,226|247|230|248|125|204|294|276|74|213
12724,226|247|230|248|125|204|294|276|74|213
12735,226|247|230|248|125|204|294|276|74|213
12750,226|247|230|248|125|204|294|276|74|213
12768,226|247|230|248|125|204|294|276|74|213
12788,226|247|230|248|125|204|294|276|74|213
12836,226|247|248|125|204|294|276|74|213|72
12867,226|247|230|248|125|204|294|276|74|213
12894,226|247|230|248|125|204|294|276|74|213
12952,226|247|230|248|125|204|294|276|74|213
13039,226|247|230|248|125|204|294|276|213|74
13114,226|247|230|248|125|204|294|276|74|213
13132,226|247|230|248|125|204|294|276|74|213
13151,247|230|248|125|204|294|276|74|72|83
13167,226|247|230|248|125|204|294|276|74|213
13181,226|247|230|248|125|204|276|74|213|72
13198,226|247|230|248|125|204|294|276|74|213
13204,226|247|230|248|125|204|294|276|74|213
13218,226|247|230|248|125|204|294|276|74|213
13225,226|247|230|248|204|294|276|213|74|72
13249,226|247|230|248|125|204|294|276|74|213
13267,226|247|230|248|125|204|294|276|74|213
13282,226|247|230|248|125|204|294|276|74|213
13289,226|247|230|248|125|204|294|276|74|213
13291,226|247|230|248|125|204|294|276|74|213
13336,226|247|230|248|125|204|294|276|74|213
13373,226|247|230|248|125|204|294|276|74|213
13433,226|247|230|248|125|204|294|276|74|213
13487,226|247|230|248|125|204|294|276|74|213
13529,226|247|230|248|125|204|294|276|74|213
13569,226|247|230|248|125|204|294|276|74|213
13600,226|247|230|248|125|204|294|276|74|213
13647,226|247|230|248|125|204|294|276|74|213
13658,226|247|230|248|125|204|294|276|74|213
13680,226|247|230|248|125|204|294|276|74|213
13685,226|247|230|248|125|204|294|276|213|74
13702,226|247|230|248|125|204|294|276|74|72
13711,226|247|230|248|125|204|294|276|213|72
13764,226|247|230|248|125|204|294|276|74|213
13800,226|247|230|248|125|204|294|276|74|213
13821,226|247|230|248|125|204|294|276|74|213
13874,226|247|230|248|125|204|294|276|74|213
13895,226|247|230|248|125|204|294|276|74|213
13906,226|247|230|248|125|204|294|276|74|213
13943,226|247|230|248|125|204|294|276|74|213
13945,226|247|230|248|125|204|294|276|74|213
13962,226|247|230|248|125|204|294|276|74|213
13970,226|247|230|248|125|204|294|276|74|213
13980,226|247|230|248|125|204|294|276|74|213
13992,226|247|230|248|125|204|294|276|74|213
14010,226|247|230|248|125|204|294|276|74|213
14032,226|247|230|248|125|204|294|276|74|213
14082,226|247|230|248|125|204|294|276|74|213
14102,226|247|230|248|125|204|294|276|74|213
14109,226|247|230|248|125|204|294|276|74|213
14110,226|247|230|248|125|204|294|276|74|213
14116,226|247|230|248|125|204|294|276|74|213
14136,226|247|230|248|125|204|294|276|74|213
14147,226|247|230|248|125|204|294|276|74|213
14151,226|247|230|248|125|204|294|276|74|213
14162,226|247|230|248|125|204|294|276|74|213
14247,226|247|230|248|125|204|294|276|74|213
14294,226|247|230|248|125|204|294|276|74|72
14310,226|247|230|248|125|204|294|276|74|213
14428,226|247|230|248|125|204|294|276|74|213
14443,226|247|230|248|125|204|294|276|74|72
14483,226|247|230|248|125|204|294|276|74|213
14531,226|247|230|248|125|204|294|276|74|213
14544,226|247|230|248|125|204|294|276|74|213
14601,226|247|230|248|125|204|294|276|74|213
14605,226|247|230|248|125|204|294|276|74|213
14626,226|247|230|248|125|204|294|276|74|213
14669,226|247|230|248|125|204|294|276|74|72
14671,226|247|230|248|125|204|294|276|74|213
14673,226|247|230|248|125|204|294|276|213|74
14687,226|247|230|248|125|204|294|276|74|213
14697,226|247|230|248|125|204|294|276|74|213
14723,226|247|230|248|125|204|294|276|74|213
14741,226|247|230|248|125|204|294|276|74|213
14744,226|247|230|248|125|204|294|276|74|213
14748,226|247|230|248|125|294|276|74|213|72
14784,226|247|230|248|125|204|294|276|74|213
14815,226|247|230|248|125|204|294|276|213|72
14857,226|247|230|248|125|204|294|276|74|72
14865,226|247|230|248|125|204|294|276|213|74
14881,226|247|230|248|125|204|294|276|74|213
14888,226|247|230|248|125|204|294|276|74|213
14889,226|247|230|248|125|204|294|276|74|213
14902,226|247|230|248|125|204|294|74|213|72
14929,226|247|230|248|125|204|294|276|72|74
14934,226|247|230|248|125|204|294|276|74|213
14986,226|247|230|248|125|204|294|276|74|213
15008,226|247|230|248|125|204|294|276|74|213
15012,226|247|230|248|125|204|294|276|74|213
15014,226|247|230|248|125|204|294|276|74|213
15042,226|247|230|248|125|204|294|276|213|74
15062,226|247|230|248|125|204|294|276|74|213
15175,226|247|230|248|125|204|294|276|74|213
15192,226|247|230|248|125|204|294|276|74|213
15206,226|247|230|248|125|204|294|276|74|213
15208,226|247|230|248|125|204|294|276|74|213
15219,226|230|248|125|204|294|276|74|213|72
15223,226|247|230|248|125|204|294|276|74|213
15273,226|247|230|248|125|204|294|276|74|213
15287,226|247|230|248|125|204|294|276|74|213
15309,226|247|230|248|125|204|294|276|74|213
15348,226|247|230|248|125|204|294|276|74|213
15358,226|247|230|248|125|204|294|276|74|213
15398,226|247|230|248|125|204|294|276|74|213
15406,226|247|230|248|125|204|294|276|74|213
15427,226|247|230|248|125|204|294|276|74|213
15436,226|247|230|248|125|204|294|276|74|213
15567,226|247|230|248|125|204|294|276|74|213
15636,226|247|230|248|125|204|294|276|74|213
15713,226|247|230|248|125|204|294|276|74|213
15720,226|247|230|248|125|204|294|276|74|213
15786,226|247|230|248|125|204|294|276|74|213
15790,226|247|230|248|125|204|294|276|74|213
15810,226|247|230|248|125|204|294|276|74|213
15830,226|247|230|248|125|204|294|276|74|213
15831,226|247|230|248|125|204|294|276|74|213
15833,226|247|230|248|125|204|294|276|74|213
15851,226|247|230|248|125|204|294|276|74|213
15867,226|247|230|248|125|204|294|276|74|213
15913,226|247|230|248|125|204|294|276|74|213
16000,226|247|230|248|125|204|294|276|74|213
16004,226|247|230|248|125|204|294|276|165|74
16005,226|247|230|248|125|204|294|276|74|213
16020,226|247|230|248|125|204|294|276|74|213
16023,226|247|230|248|125|204|294|276|74|213
16038,226|247|230|248|125|294|276|74|213|72
16093,226|247|230|248|125|204|294|276|74|72
16104,226|247|230|248|125|204|294|276|74|213
16107,226|247|230|248|125|204|294|276|74|213
16129,226|247|230|248|125|204|294|276|74|213
16143,226|247|230|248|125|204|294|276|74|213
16281,226|247|230|248|125|204|294|276|74|213
16285,226|247|230|248|125|294|276|74|213|72
16304,226|247|230|248|125|204|294|276|74|213
16358,226|247|230|248|125|204|294|276|74|213
16359,226|247|230|248|125|204|294|276|74|213
16393,226|247|230|248|125|204|294|276|74|213
16409,226|247|230|248|125|204|294|276|74|213
16443,226|247|230|248|125|204|294|276|74|213
16450,226|247|230|248|125|204|294|276|74|213
16509,226|247|230|248|125|204|294|276|74|213
16545,226|247|230|248|125|204|294|276|74|213
16583,226|247|230|248|125|204|294|276|74|213
16605,226|247|230|248|125|204|294|276|74|213
16608,226|247|230|248|125|204|294|276|74|213
16616,226|247|230|248|125|204|294|276|74|213
16672,226|247|230|248|125|204|294|276|74|213
16721,226|247|230|248|125|204|294|276|213|74
16723,226|247|230|248|125|204|294|276|197|74
16755,226|247|230|248|125|204|294|276|74|213
16757,226|247|230|248|125|204|294|276|74|213
16819,226|247|230|248|125|204|294|276|74|213
16855,226|247|230|248|125|204|294|276|74|213
16879,226|247|230|248|125|204|294|276|74|213
16883,226|247|230|248|125|204|294|276|74|213
16937,226|247|230|248|125|204|294|276|213|74
16990,226|247|230|248|125|204|294|276|74|213
17006,226|247|230|248|125|204|294|276|74|213
17031,226|247|230|248|125|204|294|276|74|213
17049,226|247|230|248|125|204|294|276|74|213
17120,226|247|230|248|125|204|294|276|74|213
17123,226|247|230|248|125|204|294|276|74|213
17159,226|247|230|248|125|204|294|276|74|213
17210,226|247|230|248|125|204|294|276|74|213
17228,226|247|230|248|125|204|294|276|74|213
17248,226|247|230|248|125|204|294|276|74|213
17361,226|247|230|248|125|204|294|276|74|213
17367,226|247|230|248|125|204|294|276|74|213
17446,226|247|230|248|125|204|294|276|74|213
17472,226|247|230|248|125|204|294|276|74|213
17546,226|247|230|248|125|204|294|276|74|213
17547,226|247|230|248|125|204|294|276|213|74
17611,226|247|230|248|125|204|294|276|74|213
17711,226|247|230|248|125|204|294|276|74|213
17738,226|230|248|125|204|294|276|74|213|72
17808,226|247|230|248|125|204|294|276|74|213
17959,226|247|230|248|125|204|294|276|74|213
17988,226|247|230|248|125|204|294|276|74|213
17991,226|247|230|248|125|204|294|276|74|213
18000,226|247|230|248|125|204|294|276|74|213
18003,226|247|230|248|125|204|294|276|74|213
18032,226|247|230|248|125|204|294|276|74|213
18038,226|247|230|248|125|204|294|276|72|74
18051,226|247|230|248|125|204|294|276|74|213
18056,226|247|230|248|125|204|294|276|74|213
18129,226|247|230|248|125|204|294|276|74|213
18155,226|247|230|248|125|204|294|276|74|213
18165,247|230|248|125|204|294|276|74|83|72
18218,226|247|230|248|125|204|294|276|74|213
18237,226|247|230|248|125|204|294|276|74|213
18267,226|230|248|125|204|294|276|74|213|72
18268,226|247|230|248|125|204|294|276|74|213
18313,226|247|230|248|125|204|294|276|74|213
18353,226|247|230|248|125|204|294|276|213|74
18388,247|230|248|125|204|294|276|74|72|83
18401,226|247|230|248|125|204|294|276|74|213
18445,226|247|230|248|125|204|294|276|74|213
18458,226|247|230|248|125|204|294|276|74|213
18530,226|247|230|248|125|204|294|276|213|72
18573,247|230|248|125|204|294|276|74|213|83
18585,226|247|230|248|125|204|294|276|74|213
18586,226|247|230|248|125|204|294|276|74|213
18743,226|247|230|248|125|204|294|276|74|213
18978,226|247|230|248|125|204|294|276|74|213
18979,226|247|230|248|125|204|294|276|74|213
18983,226|247|230|248|125|204|276|74|213|72
19004,226|247|230|248|125|204|294|276|74|213
19026,226|247|230|248|125|204|294|276|74|213
19085,226|247|230|248|125|204|294|276|74|213
19091,226|247|230|248|125|204|294|276|155|74
19093,226|247|230|248|125|204|294|276|74|213
19123,226|247|230|248|125|204|294|276|74|213
19124,226|247|230|248|125|204|294|276|213|74
19141,226|247|230|248|125|204|294|276|213|74
19221,226|247|230|248|125|204|294|276|74|213
19254,226|247|230|248|125|204|294|276|74|213
19278,226|247|230|248|125|204|294|276|74|213
19298,226|247|230|248|125|204|294|276|74|213
19310,226|247|230|248|125|204|294|276|74|213
19340,226|247|230|248|125|204|294|276|74|213
19373,226|247|230|248|125|204|294|276|74|213
19390,226|247|230|248|125|204|294|276|74|213
19417,226|247|230|248|125|204|294|276|74|213
19541,226|247|230|248|125|204|294|276|74|213
19554,226|247|230|248|125|204|294|276|74|213
19603,226|247|230|248|125|204|294|276|74|213
19750,226|230|248|125|204|294|276|74|213|72
19762,226|247|230|248|125|204|294|276|74|213
19910,226|247|230|248|125|204|294|276|213|74
19919,226|247|230|248|125|204|294|276|74|213
19993,226|247|230|248|125|204|294|276|74|213
20027,226|247|230|248|125|204|294|276|74|213
20032,226|247|230|248|125|204|294|276|74|213
20061,226|247|230|248|125|204|294|276|213|72
20085,226|247|230|248|125|204|294|276|74|213
20125,226|247|230|248|125|204|294|276|74|213
20137,226|247|230|248|125|204|294|276|74|213
20179,226|247|230|248|125|204|294|276|74|213
20190,226|247|230|248|125|204|294|276|74|213
20208,226|247|230|248|125|204|294|276|74|213
20246,226|247|230|248|125|204|294|276|74|213
20382,226|247|230|248|125|204|294|276|74|213
20400,226|247|230|248|125|204|294|276|74|213
20539,226|247|230|248|125|204|294|276|74|213
20624,226|247|230|248|125|204|294|276|74|213
20645,226|247|230|248|125|204|294|276|213|74
20654,226|247|230|248|125|204|294|276|74|213
20724,226|247|230|248|125|204|294|276|74|213
20731,226|247|230|248|125|204|294|276|74|213
20785,226|247|230|248|125|204|294|276|74|213
20821,226|247|230|248|125|204|294|276|74|213
20836,226|247|230|248|125|204|294|276|74|213
20858,226|247|230|248|125|294|276|74|213|72
20883,226|247|230|248|125|204|294|276|74|213
20931,226|247|230|248|125|204|294|276|74|213
20961,226|247|230|248|125|204|294|276|74|213
20966,226|247|230|248|125|204|294|276|74|213
21038,226|247|230|248|125|204|294|276|74|213
21084,226|247|230|248|125|204|294|276|74|213
21120,226|247|230|248|125|204|294|276|74|213
21129,226|247|230|248|125|294|204|276|74|213
21219,226|247|230|248|125|204|294|276|74|213
21228,226|247|230|248|125|204|294|276|74|213
21259,226|247|230|248|125|204|294|276|74|213
21318,226|247|230|248|125|204|294|276|74|213
21345,226|247|230|248|125|204|294|276|74|213
21386,226|247|230|248|125|204|294|276|74|213
21615,226|230|248|125|204|294|276|74|213|72
21658,226|247|230|248|125|204|294|276|74|213
21743,226|247|230|248|125|204|294|276|74|213
21818,226|247|230|248|125|204|294|276|74|213
21847,226|247|230|248|125|204|294|276|74|213
21852,226|247|230|248|125|204|294|276|74|213
21902,226|247|230|248|125|204|294|276|74|213
21934,226|247|230|248|125|204|294|276|74|213
21941,226|247|230|248|125|204|294|276|74|213
21949,226|247|230|248|125|204|294|276|74|213
22069,226|247|230|248|125|204|294|276|74|213
22077,226|247|230|248|125|294|276|74|213|72
22126,226|247|230|248|125|204|294|276|74|213
22136,226|247|230|248|125|204|294|276|74|213
22172,226|247|230|248|125|204|294|276|74|213
22182,226|247|230|248|125|204|294|276|213|74
22253,226|247|230|248|125|204|294|276|74|213
22273,226|247|230|248|125|204|294|276|74|213
22303,226|247|230|248|125|204|294|276|74|213
22386,226|247|230|248|125|204|294|276|74|213
22428,226|247|230|248|125|204|294|276|74|213
22487,226|247|230|248|125|204|294|276|74|213
22536,226|247|230|248|125|204|294|276|74|213
22559,226|247|230|248|125|204|294|276|74|213
22564,226|247|230|248|125|204|294|276|74|213
22608,226|247|230|248|125|204|294|276|74|213
22687,226|247|230|248|125|204|294|276|74|213
22734,226|247|230|248|125|204|294|276|74|213
22801,226|247|230|248|125|204|294|276|74|213
22844,226|247|230|248|125|204|294|276|74|213
22872,226|247|230|248|125|204|294|276|213|74
22877,226|247|230|248|125|204|294|276|74|213
22882,226|247|230|248|125|204|294|276|74|213
22911,226|247|230|248|125|204|294|276|74|213
22930,226|247|230|248|125|204|294|276|74|213
23035,226|247|230|248|125|204|294|276|74|213
23038,226|247|230|248|125|204|294|276|74|213
23058,226|247|230|248|125|204|294|276|74|213
23067,226|247|230|248|125|204|294|276|74|213
23105,247|230|248|125|204|294|276|74|72|83
23162,226|247|230|248|125|204|294|276|213|74
23247,226|247|230|248|125|204|294|276|74|213
23277,226|247|230|248|125|204|294|276|74|213
23312,226|247|230|248|125|204|294|276|103|213
23318,226|247|230|248|125|204|294|276|74|213
23425,226|247|230|248|125|204|294|276|74|213
23486,226|247|230|248|125|204|294|276|213|74
23551,226|247|230|248|125|204|294|276|74|213
23646,226|247|230|248|125|204|294|276|74|213
23669,226|247|230|248|125|204|294|276|74|213
23691,226|247|230|248|125|204|294|276|74|72
23695,226|247|230|248|125|204|294|276|74|72
23734,226|247|230|248|125|204|294|276|74|213
23769,226|247|230|248|125|204|294|276|74|213
23803,226|247|230|248|125|204|294|276|74|213
24103,226|247|230|248|125|204|294|276|74|213
24147,226|247|230|248|125|204|294|276|74|213
24187,226|247|230|248|125|204|294|276|74|213
24210,226|247|230|248|125|204|294|276|74|213
24243,226|247|230|248|125|204|294|276|74|213
24300,226|247|230|248|125|204|294|276|74|213
24358,226|247|230|248|125|204|294|276|74|213
24405,226|247|230|248|125|204|294|276|213|74
24413,226|247|230|248|125|204|294|276|74|213
24428,226|247|230|248|125|204|294|276|74|213
24556,226|247|230|248|125|204|294|276|74|213
24610,226|247|230|248|125|204|294|276|74|213
24650,226|247|230|248|125|204|294|276|74|213
24751,226|230|248|125|204|294|276|213|74|72
24909,226|247|230|248|125|204|294|276|74|213
24976,226|247|230|248|125|204|294|276|74|213
25004,226|247|230|248|125|204|294|276|74|213
25122,226|247|230|248|125|204|294|276|74|213
25146,226|247|230|248|125|204|294|276|74|213
25155,226|247|230|248|125|204|294|276|74|213
25235,247|230|248|125|204|294|276|213|72|74
25294,226|247|230|248|125|204|294|276|74|213
25377,226|247|230|248|125|204|294|276|74|213
25426,226|247|230|248|125|204|294|276|74|213
25532,226|247|230|248|125|204|294|276|74|213
25644,226|247|230|248|125|204|294|276|74|213
25656,226|247|230|248|125|204|294|276|74|213
25739,226|247|230|248|125|204|294|276|74|213
25758,226|247|230|248|125|204|294|276|74|213
25800,226|247|230|248|125|204|294|276|74|213
26116,226|247|230|248|125|204|294|276|74|213
26123,226|247|230|248|125|204|294|276|74|213
26263,226|247|230|248|125|204|294|276|74|213
26306,226|247|230|248|125|204|294|276|74|213
26323,226|247|230|248|125|204|294|276|74|213
26396,226|247|230|248|125|204|294|276|213|74
26434,226|247|230|248|125|204|294|276|74|213
26545,226|247|230|248|125|204|294|276|74|213
26573,226|247|230|248|125|204|294|276|74|213
26590,226|247|230|248|125|204|294|276|74|213
26618,226|247|230|248|125|204|294|276|74|213
26646,226|247|230|248|125|204|294|276|74|213
26686,226|247|230|248|125|204|294|276|74|213
26760,226|247|230|248|125|204|294|276|213|72
26778,226|247|230|248|125|204|294|276|74|213
26978,226|247|230|248|125|204|294|276|74|213
27097,226|247|230|248|125|204|294|276|74|213
27107,226|247|230|248|125|204|294|276|74|213
27202,226|247|230|248|125|204|294|276|74|213
27237,226|247|230|248|125|204|294|276|74|213
27241,226|247|230|248|125|204|294|276|74|213
27325,226|247|230|248|125|204|294|276|74|213
27372,226|247|230|248|125|204|294|276|74|213
27386,226|247|230|248|125|204|294|276|74|213
27459,226|247|230|248|125|204|294|276|74|213
27506,226|247|230|248|125|204|294|276|74|213
27547,226|247|230|248|125|204|294|276|213|72
27551,226|247|230|248|125|204|294|276|74|213
27585,226|247|230|248|125|204|294|276|74|213
27601,226|247|230|248|125|204|294|276|74|213
27647,226|247|230|248|125|204|294|276|74|213
27677,226|247|230|248|125|204|294|276|74|213
27771,226|247|230|248|125|204|294|276|74|213
27773,226|247|230|248|125|204|294|276|74|213
27803,226|247|230|248|125|204|294|276|74|213
27872,226|247|230|248|125|204|294|276|74|213
27925,226|247|230|248|125|204|294|276|74|213
28015,226|247|230|248|125|204|294|276|74|213
28034,226|247|230|248|125|204|294|276|74|213
28042,226|247|230|248|125|204|294|276|74|213
28099,226|247|230|248|125|204|294|276|74|213
28168,226|247|230|248|125|204|294|276|74|213
28210,226|247|230|248|125|204|294|276|74|213
28253,226|247|230|248|125|204|294|276|213|74
28398,226|247|230|248|125|204|294|276|74|213
28462,226|247|230|248|125|204|294|276|74|213
28481,226|247|230|248|125|204|294|276|74|213
28577,226|247|230|248|125|204|294|276|74|213
